{
    "surf1": {
        "axs": {
            "dir_x": [
                1.0,
                0.0,
                -0.0
            ],
            "dir_y": [
                -0.0,
                1.0,
                0.0
            ],
            "dir_z": [
                0.0,
                0.0,
                1.0
            ],
            "xyz": [
                0.0,
                0.0,
                0.0
            ]
        },
        "name": "surf",
        "rim": {
            "xyz": [
                [
                    -100.0,
                    -100.0,
                    0.0
                ],
                [
                    100.0,
                    -100.0,
                    0.0
                ],
                [
                    100.0,
                    100.0,
                    0.0
                ],
                [
                    -100.0,
                    100.0,
                    0.0
                ]
            ]
        }
    },
    "surf2": {
        "axs": {
            "dir_x": [
                1.0,
                0.0,
                0.0
            ],
            "dir_y": [
                0.0,
                1.0,
                0.0
            ],
            "dir_z": [
                0.0,
                0.0,
                1.0
            ],
            "xyz": [
                0.0,
                0.0,
                0.0
            ]
        },
        "name": "surf",
        "rim": {
            "xyz": [
                [
                    0.0,
                    1.0,
                    0.0
                ],
                [
                    0.8660254037844386,
                    0.5000000000000001,
                    0.0
                ],
                [
                    0.8660254037844387,
                    -0.4999999999999998,
                    0.0
                ],
                [
                    1.2246467991473532e-16,
                    -1.0,
                    0.0
                ],
                [
                    -0.8660254037844385,
                    -0.5000000000000004,
                    0.0
                ],
                [
                    -0.8660254037844386,
                    0.5000000000000001,
                    0.0
                ],
                [
                    0.0,
                    1.0,
                    0.0
                ]
            ]
        }
    },
    "surf3": {
        "axs": {
            "dir_x": [
                1.0,
                0.0,
                0.0
            ],
            "dir_y": [
                0.0,
                1.0,
                0.0
            ],
            "dir_z": [
                0.0,
                0.0,
                1.0
            ],
            "xyz": [
                0.0,
                0.0,
                100.0
            ]
        },
        "name": "surf3",
        "rim": {
            "xyz": [
                [
                    -100.0,
                    -100.0,
                    0.0
                ],
                [
                    100.0,
                    -100.0,
                    0.0
                ],
                [
                    100.0,
                    100.0,
                    0.0
                ],
                [
                    -100.0,
                    100.0,
                    0.0
                ]
            ]
        }
    }
}